{
  "orders": {
    "order": [
      {
        "id": "216-575",
        "title": "Rescheduled",
        "reason": "Supplier Out of Stock",
        "products": [
          {
            "id": "p-001",
            "name": "Elite Drive 2750",
            "price": "500",
            "quantity": "5",
            "shipment": {
              "shippingCompany": "Fedex/UPS/DHL",
              "trackingNumber": "0123456789ABCDEF"
            }
          },
          {
            "id": "p-001",
            "name": "Elite Drive 2750",
            "price": "500",
            "quantity": "5",
            "shipment": {
              "shippingCompany": "Fedex/UPS/DHL",
              "trackingNumber": "0123456789ABCDEF"
            }
          }
        ],
        "total": "2500",
        "escalateLink": "http://mcs-instance/scalate",
        "contact": {
          "name": "H Baker",
          "email": "HBaker@visioncorp.com",
          "phone": "+1-650-123-4567"
        }
      },
      {
        "id": "216-575",
        "title": "RMA-Requested",
        "reason": "Damaged",
        "products": [
          {
            "id": "p-001",
            "name": "EliteDrive2750",
            "price": "500",
            "quantity": "5",
            "shipment": {
              "shippingCompany": "Fedex/UPS/DHL",
              "trackingNumber": "0123456789ABCDEF"
            }
          },
          {
            "id": "p-001",
            "name": "EliteDrive2750",
            "price": "500",
            "quantity": "5",
            "shipment": {
              "shippingCompany": "Fedex/UPS/DHL",
              "trackingNumber": "0123456789ABCDEF"
            }
          }
        ],
        "total": "3400",
        "escalateLink": "http: //mcs-instance/scalate",
        "contact": {
          "name": "CJohnson",
          "email": "CJohnson@visioncorp.com",
          "phone": "+11234567"
        }
      }
    ]
  }
}